{
  "f": 0.304,
  "ccmInv":[0.00204358, 0, -0.66121428, 0, 0, 0.00204224, -0.47667228, 0, 0, 0, 1, 0, 0, 0, 0, 1],
  "ccm": [489.33767087, 0, 323.55705702, 0, 489.65953971, 233.40712684, 0, 0, 1],
  "vDist": [0, 0, -100],
  "gDist": [0, 0, 0],
  "cDist": [0, 0, 0],
  "gnd": [1, 1, 0, 0, 0, 1]
}
